tool,files,bytes_per_file,run,elapsed_ms,peak_rss_mib
lmh,10,1024,1,4.699,5.515625
reuse,10,1024,1,331.253041,45.09375
nwa,10,1024,1,5.310625,8.140625
license-eye,10,1024,1,18.81325,21.15625
addlicense,10,1024,1,3.033334,5.171875
hawkeye,10,1024,1,3.729125,4.8125
addlicense,10,1024,2,2.578084,5.109375
license-eye,10,1024,2,19.544916,21.515625
nwa,10,1024,2,4.629416,8.15625
reuse,10,1024,2,340.926375,47.90625
lmh,10,1024,2,4.758083,5.515625
hawkeye,10,1024,2,3.849458,4.8125
addlicense,10,1024,3,3.305667,5.078125
hawkeye,10,1024,3,3.752042,4.8125
lmh,10,1024,3,3.827708,5.515625
reuse,10,1024,3,336.087917,44.265625
nwa,10,1024,3,5.346708,8.234375
license-eye,10,1024,3,19.553583,21.46875
nwa,10,1024,4,4.642334,8.171875
reuse,10,1024,4,332.20625,48.328125
lmh,10,1024,4,4.696917,5.515625
hawkeye,10,1024,4,4.298959,4.8125
addlicense,10,1024,4,2.670042,5.359375
license-eye,10,1024,4,19.768458,20.84375
nwa,10,1024,5,5.199334,8.234375
license-eye,10,1024,5,20.392667,21.546875
addlicense,10,1024,5,3.043334,5.234375
hawkeye,10,1024,5,3.731209,4.8125
lmh,10,1024,5,3.98175,5.515625
reuse,10,1024,5,333.123416,47.453125
lmh,10,1024,6,4.704792,5.515625
hawkeye,10,1024,6,3.911083,4.8125
addlicense,10,1024,6,2.73175,5.046875
license-eye,10,1024,6,18.991083,21.625
nwa,10,1024,6,4.78625,8.078125
reuse,10,1024,6,330.702667,45.828125
lmh,10,1024,7,4.888042,5.515625
reuse,10,1024,7,333.030083,46.0625
nwa,10,1024,7,5.199375,8.1875
license-eye,10,1024,7,19.275792,21.15625
addlicense,10,1024,7,2.992875,5.125
hawkeye,10,1024,7,4.005958,4.8125
lmh,1000,1024,1,11.8305,6.984375
reuse,1000,1024,1,394.452041,55.21875
nwa,1000,1024,1,47.457834,14.921875
license-eye,1000,1024,1,266.5785,27.078125
addlicense,1000,1024,1,48.949917,12.171875
hawkeye,1000,1024,1,28.361625,4.890625
addlicense,1000,1024,2,10.649,12.53125
license-eye,1000,1024,2,264.180291,37.265625
nwa,1000,1024,2,55.145958,15.03125
reuse,1000,1024,2,407.918375,55.46875
lmh,1000,1024,2,21.565583,6.890625
hawkeye,1000,1024,2,21.552583,4.890625
addlicense,1000,1024,3,12.48975,13.5625
hawkeye,1000,1024,3,20.650834,4.890625
lmh,1000,1024,3,10.97675,6.984375
reuse,1000,1024,3,414.841083,56.734375
nwa,1000,1024,3,47.960708,14.90625
license-eye,1000,1024,3,258.972333,57.375
nwa,1000,1024,4,47.699625,15.109375
reuse,1000,1024,4,397.234916,56.40625
lmh,1000,1024,4,11.381042,7.015625
hawkeye,1000,1024,4,21.538458,4.890625
addlicense,1000,1024,4,13.576167,13.078125
license-eye,1000,1024,4,259.780666,33.21875
nwa,1000,1024,5,48.490916,14.8125
license-eye,1000,1024,5,254.102042,36.125
addlicense,1000,1024,5,10.98475,13.390625
hawkeye,1000,1024,5,20.806125,4.890625
lmh,1000,1024,5,11.176666,7.015625
reuse,1000,1024,5,398.077375,56.8125
lmh,1000,1024,6,11.127709,6.984375
hawkeye,1000,1024,6,20.763875,4.890625
addlicense,1000,1024,6,11.253209,12.46875
license-eye,1000,1024,6,261.976667,36.84375
nwa,1000,1024,6,47.645833,14.96875
reuse,1000,1024,6,400.35475,57.328125
lmh,1000,1024,7,12.144125,7.03125
reuse,1000,1024,7,400.069167,56.609375
nwa,1000,1024,7,47.094,15.03125
license-eye,1000,1024,7,263.782417,44.859375
addlicense,1000,1024,7,11.996792,12.65625
hawkeye,1000,1024,7,21.6685,4.890625
lmh,10000,1024,1,153.698042,15.828125
reuse,10000,1024,1,787.774834,96.703125
nwa,10000,1024,1,624.454167,49.390625
license-eye,10000,1024,1,2416.676167,58.078125
addlicense,10000,1024,1,424.979458,21.09375
hawkeye,10000,1024,1,244.676333,6.265625
addlicense,10000,1024,2,188.754708,20.671875
license-eye,10000,1024,2,2313.515417,45.125
nwa,10000,1024,2,624.874584,49.671875
reuse,10000,1024,2,811.794125,97.765625
lmh,10000,1024,2,173.2355,15.953125
hawkeye,10000,1024,2,246.769333,6.296875
addlicense,10000,1024,3,415.2415,19.546875
hawkeye,10000,1024,3,199.028667,6.515625
lmh,10000,1024,3,116.557625,15.828125
reuse,10000,1024,3,792.499333,98.75
nwa,10000,1024,3,595.363292,48.515625
license-eye,10000,1024,3,2339.685042,52.203125
nwa,10000,1024,4,572.266625,49.078125
reuse,10000,1024,4,829.228167,98.140625
lmh,10000,1024,4,172.384,15.796875
hawkeye,10000,1024,4,243.922084,6.296875
addlicense,10000,1024,4,427.394417,23.96875
license-eye,10000,1024,4,2323.299833,60.890625
nwa,10000,1024,5,624.869459,48.09375
license-eye,10000,1024,5,2301.516833,57.421875
addlicense,10000,1024,5,256.465792,20.703125
hawkeye,10000,1024,5,221.541625,6.484375
lmh,10000,1024,5,144.008209,15.765625
reuse,10000,1024,5,810.969291,96.828125
lmh,10000,1024,6,171.837584,15.890625
hawkeye,10000,1024,6,243.737958,6.484375
addlicense,10000,1024,6,428.0525,23.453125
license-eye,10000,1024,6,2342.877333,60.90625
nwa,10000,1024,6,619.615292,49.53125
reuse,10000,1024,6,804.854625,98.015625
lmh,10000,1024,7,153.912834,15.6875
reuse,10000,1024,7,1004.768667,96.578125
nwa,10000,1024,7,633.4005,48.359375
license-eye,10000,1024,7,2402.270583,61.734375
addlicense,10000,1024,7,424.618125,22.421875
hawkeye,10000,1024,7,258.507375,6.890625
