tool,files,bytes_per_file,median_ms,min_ms,max_ms,peak_rss_mib,files_per_s
lmh,10,1024,4.532708,3.8005,4.970041,5.515625,2206.1866769269054
lmh,1000,1024,21.384625,11.372125,22.743333,7.28125,46762.56890172262
lmh,10000,1024,171.475375,111.814708,178.82725,16.296875,58317.411465057296
hawkeye,10,1024,3.792,3.599792,3.873209,4.8125,2637.130801687764
hawkeye,1000,1024,28.40825,20.756583,28.704166,5.0,35201.04195084175
hawkeye,10000,1024,248.885708,200.853125,267.931,7.03125,40179.08493162653
addlicense,10,1024,2.88575,2.573542,3.074042,5.296875,3465.303647232089
addlicense,1000,1024,45.15275,10.351291,48.463834,13.015625,22147.045307317938
addlicense,10000,1024,434.554583,196.914834,447.422292,33.703125,23012.068888938633
license-eye,10,1024,19.038167,18.517834,20.362042,21.8125,525.2606514061989
license-eye,1000,1024,259.379917,247.021916,264.850375,39.390625,3855.348600485519
license-eye,10000,1024,2322.677083,2290.710959,2377.084583,64.5,4305.376788358315
nwa,10,1024,5.037917,4.623959,5.254458,8.515625,1984.9473502640078
nwa,1000,1024,49.152208,47.205125,56.07375,15.171875,20344.96598809966
nwa,10000,1024,639.904458,592.894166,671.38425,50.515625,15627.332916627376
reuse,10,1024,335.048541,326.554958,341.896375,47.140625,29.846421566718597
reuse,1000,1024,406.223709,396.309875,430.1735,57.15625,2461.697773529019
reuse,10000,1024,839.536083,795.6415,1027.971583,98.375,11911.340325321074
